{
  "accuracy": 0.7281771501925546,
  "precision": 0.7325399665886705,
  "recall": 0.7281771501925546,
  "f1": 0.7264957466221069
}